{
  "name": "rest-express",
  "version": "1.0.0",
  "type": "module",
  "license": "MIT",
  "scripts": {
    "dev:client": "vite dev --port 8089",
    "dev": "cross-env NODE_ENV=development tsx server/index.ts",
    "build": "tsx script/build.ts",
    "start": "cross-env NODE_ENV=production node dist/index.cjs",
    "check": "tsc",
    "db:push": "drizzle-kit push"
  },
  "dependencies": {
    "@hookform/resolvers": "^3.10.0",
    "@jridgewell/trace-mapping": "^0.3.25",
    "@radix-ui/react-accordion": "^1.2.12",
    "@radix-ui/react-alert-dialog": "^1.1.15",
    "@radix-ui/react-aspect-ratio": "^1.1.8",
    "@radix-ui/react-avatar": "^1.1.11",
    "@radix-ui/react-checkbox": "^1.3.3",
    "@radix-ui/react-collapsible": "^1.1.12",
    "@radix-ui/react-context-menu": "^2.2.16",
    "@radix-ui/react-dialog": "^1.1.15",
    "@radix-ui/react-dropdown-menu": "^2.1.16",
    "@radix-ui/react-hover-card": "^1.1.15",
    "@radix-ui/react-label": "^2.1.8",
    "@radix-ui/react-menubar": "^1.1.16",
    "@radix-ui/react-navigation-menu": "^1.2.14",
    "@radix-ui/react-popover": "^1.1.15",
    "@radix-ui/react-progress": "^1.1.8",
    "@radix-ui/react-radio-group": "^1.3.8",
    "@radix-ui/react-scroll-area": "^1.2.10",
    "@radix-ui/react-select": "^2.2.6",
    "@radix-ui/react-separator": "^1.1.8",
    "@radix-ui/react-slider": "^1.3.6",
    "@radix-ui/react-slot": "^1.2.4",
    "@radix-ui/react-switch": "^1.2.6",
    "@radix-ui/react-tabs": "^1.1.13",
    "@radix-ui/react-toast": "^1.2.7",
    "@radix-ui/react-toggle": "^1.1.10",
    "@radix-ui/react-toggle-group": "^1.1.11",
    "@radix-ui/react-tooltip": "^1.2.8",
    "@tanstack/react-query": "^5.60.5",
    "class-variance-authority": "^0.7.1",
    "clsx": "^2.1.1",
    "cmdk": "^1.1.1",
    "connect-pg-simple": "^10.0.0",
    "dotenv": "^16.4.5",
    "date-fns": "^3.6.0",
    "drizzle-orm": "^0.39.3",
    "drizzle-zod": "^0.7.0",
    "embla-carousel-react": "^8.6.0",
    "express": "^4.21.2",
    "express-session": "^1.18.1",
    "framer-motion": "^12.23.24",
    "input-otp": "^1.4.2",
    "lucide-react": "^0.545.0",
    "memorystore": "^1.6.7",
    "next-themes": "^0.4.6",
    "passport": "^0.7.0",
    "passport-local": "^1.0.0",
    "pg": "^8.16.3",
    "react": "^19.2.0",
    "react-day-picker": "^9.11.1",
    "react-dom": "^19.2.0",
    "react-hook-form": "^7.66.0",
    "react-resizable-panels": "^2.1.9",
    "recharts": "^2.15.4",
    "sonner": "^2.0.7",
    "tailwind-merge": "^3.3.1",
    "tailwindcss-animate": "^1.0.7",
    "tw-animate-css": "^1.4.0",
    "vaul": "^1.1.2",
    "wouter": "^3.3.5",
    "ws": "^8.18.0",
    "zod": "^3.25.76",
    "zod-validation-error": "^3.4.0"
  },
  "devDependencies": {
    "@replit/vite-plugin-cartographer": "^0.4.4",
    "@replit/vite-plugin-dev-banner": "^0.1.1",
    "@replit/vite-plugin-runtime-error-modal": "^0.0.4",
    "@tailwindcss/vite": "^4.1.14",
    "@types/connect-pg-simple": "^7.0.3",
    "@types/express": "4.17.21",
    "@types/express-session": "^1.18.0",
    "@types/node": "^20.19.0",
    "@types/passport": "^1.0.16",
    "@types/passport-local": "^1.0.38",
    "@types/react": "^19.2.0",
    "@types/react-dom": "^19.2.0",
    "@types/ws": "^8.5.13",
    "@vitejs/plugin-react": "^5.0.4",
    "autoprefixer": "^10.4.21",
    "drizzle-kit": "^0.31.4",
    "cross-env": "^7.0.3",
    "esbuild": "^0.25.0",
    "postcss": "^8.5.6",
    "tailwindcss": "^4.1.14",
    "tsx": "^4.20.5",
    "typescript": "5.6.3",
    "vite": "^7.1.9"
  },
  "optionalDependencies": {
    "bufferutil": "^4.0.8"
  }
}
